,Ticker
0,0001.HK
1,0002.HK
2,0003.HK
3,0005.HK
4,0006.HK
5,0011.HK
6,0012.HK
7,0016.HK
8,0017.HK
9,0027.HK
10,0066.HK
11,0101.HK
12,0175.HK
13,0241.HK
14,0267.HK
15,0288.HK
16,0291.HK
17,0316.HK
18,0322.HK
19,0386.HK
20,0388.HK
21,0669.HK
22,0688.HK
23,0700.HK
24,0762.HK
25,0823.HK
26,0857.HK
27,0868.HK
28,0881.HK
29,0883.HK
30,0939.HK
31,0941.HK
32,0960.HK
33,0968.HK
34,0981.HK
35,0992.HK
36,1038.HK
37,1044.HK
38,1088.HK
39,1093.HK
40,1109.HK
41,1113.HK
42,1177.HK
43,1209.HK
44,1211.HK
45,1299.HK
46,1378.HK
47,1398.HK
48,1810.HK
49,1876.HK
50,1928.HK
51,1929.HK
52,1997.HK
53,2007.HK
54,2020.HK
55,2269.HK
56,2313.HK
57,2318.HK
58,2319.HK
59,2331.HK
60,2382.HK
61,2388.HK
62,2628.HK
63,2688.HK
64,3690.HK
65,3692.HK
66,3968.HK
67,3988.HK
68,6098.HK
69,6690.HK
70,6862.HK
71,9618.HK
72,9633.HK
73,9888.HK
74,9988.HK
75,9999.HK
